{
  "rca": [
    {
      "kind": "unit",
      "name": "./python/src/schema.rs",
      "start_line": 1,
      "end_line": 76,
      "data": {
        "nargs": {
          "sum": 9.0,
          "average": 1.5
        },
        "nexits": {
          "sum": 5.0,
          "average": 0.8333333333333334
        },
        "cognitive": {
          "sum": 5.0,
          "average": 0.8333333333333334
        },
        "cyclomatic": {
          "sum": 18.0,
          "average": 1.8
        },
        "halstead": {
          "n1": 23.0,
          "N1": 175.0,
          "n2": 68.0,
          "N2": 117.0,
          "length": 292.0,
          "estimated_program_length": 517.9893981943344,
          "purity_ratio": 1.7739362951860769,
          "vocabulary": 91.0,
          "volume": 1900.2760349380192,
          "difficulty": 19.78676470588235,
          "level": 0.05053883314752881,
          "effort": 37600.31477954566,
          "time": 2088.9063766414256,
          "bugs": 0.3741161006393122
        },
        "loc": {
          "sloc": 76.0,
          "ploc": 70.0,
          "lloc": 14.0,
          "cloc": 0.0,
          "blank": 6.0
        },
        "nom": {
          "functions": 5.0,
          "closures": 1.0,
          "total": 6.0
        },
        "mi": {
          "mi_original": 57.44339681938915,
          "mi_sei": 9.005209200417156,
          "mi_visual_studio": 33.592629718941026
        }
      }
    },
    {
      "kind": "impl",
      "name": "BPySchema",
      "start_line": 65,
      "end_line": 69,
      "data": {
        "nargs": {
          "sum": 1.0,
          "average": 1.0
        },
        "nexits": {
          "sum": 1.0,
          "average": 1.0
        },
        "cognitive": {
          "sum": 0.0,
          "average": 0.0
        },
        "cyclomatic": {
          "sum": 2.0,
          "average": 1.0
        },
        "halstead": {
          "n1": 4.0,
          "N1": 6.0,
          "n2": 2.0,
          "N2": 3.0,
          "length": 9.0,
          "estimated_program_length": 10.0,
          "purity_ratio": 1.1111111111111112,
          "vocabulary": 6.0,
          "volume": 23.264662506490403,
          "difficulty": 3.0,
          "level": 0.3333333333333333,
          "effort": 69.79398751947122,
          "time": 3.877443751081734,
          "bugs": 0.005650550399442832
        },
        "loc": {
          "sloc": 5.0,
          "ploc": 5.0,
          "lloc": 0.0,
          "cloc": 0.0,
          "blank": 0.0
        },
        "nom": {
          "functions": 1.0,
          "closures": 0.0,
          "total": 1.0
        },
        "mi": {
          "mi_original": 128.10304080932474,
          "mi_sei": 109.3164094252055,
          "mi_visual_studio": 74.91405895282149
        }
      }
    },
    {
      "kind": "function",
      "name": "from_arrow_schema",
      "start_line": 66,
      "end_line": 68,
      "data": {
        "nargs": {
          "sum": 1.0,
          "average": 1.0
        },
        "nexits": {
          "sum": 1.0,
          "average": 1.0
        },
        "cognitive": {
          "sum": 0.0,
          "average": 0.0
        },
        "cyclomatic": {
          "sum": 1.0,
          "average": 1.0
        },
        "halstead": {
          "n1": 4.0,
          "N1": 5.0,
          "n2": 2.0,
          "N2": 3.0,
          "length": 8.0,
          "estimated_program_length": 10.0,
          "purity_ratio": 1.25,
          "vocabulary": 6.0,
          "volume": 20.67970000576925,
          "difficulty": 3.0,
          "level": 0.3333333333333333,
          "effort": 62.039100017307746,
          "time": 3.446616667628208,
          "bugs": 0.005223830434320225
        },
        "loc": {
          "sloc": 3.0,
          "ploc": 3.0,
          "lloc": 0.0,
          "cloc": 0.0,
          "blank": 0.0
        },
        "nom": {
          "functions": 1.0,
          "closures": 0.0,
          "total": 1.0
        },
        "mi": {
          "mi_original": 137.22088769974698,
          "mi_sei": 122.36886205819806,
          "mi_visual_studio": 80.24613315774677
        }
      }
    },
    {
      "kind": "impl",
      "name": "BPySchema",
      "start_line": 44,
      "end_line": 63,
      "data": {
        "nargs": {
          "sum": 1.0,
          "average": 1.0
        },
        "nexits": {
          "sum": 1.0,
          "average": 1.0
        },
        "cognitive": {
          "sum": 3.0,
          "average": 3.0
        },
        "cyclomatic": {
          "sum": 5.0,
          "average": 2.5
        },
        "halstead": {
          "n1": 13.0,
          "N1": 44.0,
          "n2": 18.0,
          "N2": 28.0,
          "length": 72.0,
          "estimated_program_length": 123.1643663617958,
          "purity_ratio": 1.710616199469386,
          "vocabulary": 31.0,
          "volume": 356.702134347855,
          "difficulty": 10.11111111111111,
          "level": 0.09890109890109892,
          "effort": 3606.654913961645,
          "time": 200.3697174423136,
          "bugs": 0.07839381610857774
        },
        "loc": {
          "sloc": 20.0,
          "ploc": 20.0,
          "lloc": 8.0,
          "cloc": 0.0,
          "blank": 0.0
        },
        "nom": {
          "functions": 1.0,
          "closures": 0.0,
          "total": 1.0
        },
        "mi": {
          "mi_original": 90.75925157353426,
          "mi_sei": 55.746169464941275,
          "mi_visual_studio": 53.07558571551711
        }
      }
    },
    {
      "kind": "function",
      "name": "__str__",
      "start_line": 45,
      "end_line": 62,
      "data": {
        "nargs": {
          "sum": 1.0,
          "average": 1.0
        },
        "nexits": {
          "sum": 1.0,
          "average": 1.0
        },
        "cognitive": {
          "sum": 3.0,
          "average": 3.0
        },
        "cyclomatic": {
          "sum": 3.0,
          "average": 3.0
        },
        "halstead": {
          "n1": 13.0,
          "N1": 42.0,
          "n2": 18.0,
          "N2": 28.0,
          "length": 70.0,
          "estimated_program_length": 123.1643663617958,
          "purity_ratio": 1.7594909480256542,
          "vocabulary": 31.0,
          "volume": 346.7937417270812,
          "difficulty": 10.11111111111111,
          "level": 0.09890109890109892,
          "effort": 3506.470055240488,
          "time": 194.8038919578049,
          "bugs": 0.0769352734217494
        },
        "loc": {
          "sloc": 18.0,
          "ploc": 18.0,
          "lloc": 8.0,
          "cloc": 0.0,
          "blank": 0.0
        },
        "nom": {
          "functions": 1.0,
          "closures": 0.0,
          "total": 1.0
        },
        "mi": {
          "mi_original": 93.07258048741788,
          "mi_sei": 58.87995789813729,
          "mi_visual_studio": 54.42840964176484
        }
      }
    },
    {
      "kind": "impl",
      "name": "BPySchema",
      "start_line": 14,
      "end_line": 40,
      "data": {
        "nargs": {
          "sum": 7.0,
          "average": 1.75
        },
        "nexits": {
          "sum": 3.0,
          "average": 0.75
        },
        "cognitive": {
          "sum": 2.0,
          "average": 0.5
        },
        "cyclomatic": {
          "sum": 10.0,
          "average": 2.0
        },
        "halstead": {
          "n1": 18.0,
          "N1": 92.0,
          "n2": 26.0,
          "N2": 48.0,
          "length": 140.0,
          "estimated_program_length": 197.27008269763,
          "purity_ratio": 1.4090720192687858,
          "vocabulary": 44.0,
          "volume": 764.3204266092216,
          "difficulty": 16.615384615384617,
          "level": 0.06018518518518518,
          "effort": 12699.477857507069,
          "time": 705.5265476392816,
          "bugs": 0.18144123309560548
        },
        "loc": {
          "sloc": 27.0,
          "ploc": 25.0,
          "lloc": 6.0,
          "cloc": 0.0,
          "blank": 2.0
        },