{
  "rca": [
    {
      "kind": "unit",
      "name": "./rust/core/build.rs",
      "start_line": 1,
      "end_line": 23,
      "data": {
        "nargs": {
          "sum": 3.0,
          "average": 1.5
        },
        "nexits": {
          "sum": 1.0,
          "average": 0.5
        },
        "cognitive": {
          "sum": 0.0,
          "average": 0.0
        },
        "cyclomatic": {
          "sum": 3.0,
          "average": 1.0
        },
        "halstead": {
          "n1": 13.0,
          "N1": 28.0,
          "n2": 11.0,
          "N2": 13.0,
          "length": 41.0,
          "estimated_program_length": 86.15946414084446,
          "purity_ratio": 2.1014503448986455,
          "vocabulary": 24.0,
          "volume": 187.9834625295674,
          "difficulty": 7.681818181818182,
          "level": 0.1301775147928994,
          "effort": 1444.0547803407676,
          "time": 80.22526557448708,
          "bugs": 0.042586098831114305
        },
        "loc": {
          "sloc": 23.0,
          "ploc": 7.0,
          "lloc": 3.0,
          "cloc": 14.0,
          "blank": 2.0
        },
        "nom": {
          "functions": 1.0,
          "closures": 1.0,
          "total": 2.0
        },
        "mi": {
          "mi_original": 92.28595293474667,
          "mi_sei": 104.50227746541012,
          "mi_visual_studio": 53.968393529091635
        }
      }
    },
    {
      "kind": "function",
      "name": "main",
      "start_line": 15,
      "end_line": 23,
      "data": {
        "nargs": {
          "sum": 3.0,
          "average": 1.5
        },
        "nexits": {
          "sum": 1.0,
          "average": 0.5
        },
        "cognitive": {
          "sum": 0.0,
          "average": 0.0
        },
        "cyclomatic": {
          "sum": 2.0,
          "average": 1.0
        },
        "halstead": {
          "n1": 13.0,
          "N1": 28.0,
          "n2": 11.0,
          "N2": 13.0,
          "length": 41.0,
          "estimated_program_length": 86.15946414084446,
          "purity_ratio": 2.1014503448986455,
          "vocabulary": 24.0,
          "volume": 187.9834625295674,
          "difficulty": 7.681818181818182,
          "level": 0.1301775147928994,
          "effort": 1444.0547803407676,
          "time": 80.22526557448708,
          "bugs": 0.042586098831114305
        },
        "loc": {
          "sloc": 9.0,
          "ploc": 7.0,
          "lloc": 3.0,
          "cloc": 1.0,
          "blank": 1.0
        },
        "nom": {
          "functions": 1.0,
          "closures": 1.0,
          "total": 2.0
        },
        "mi": {
          "mi_original": 107.71592107995214,
          "mi_sei": 104.59155513398662,
          "mi_visual_studio": 62.9917667134223
        }
      }
    },
    {
      "kind": "function",
      "name": "<anonymous>",
      "start_line": 22,
      "end_line": 22,
      "data": {
        "nargs": {
          "sum": 3.0,
          "average": 3.0
        },
        "nexits": {
          "sum": 0.0,
          "average": 0.0
        },
        "cognitive": {
          "sum": 0.0,
          "average": 0.0
        },
        "cyclomatic": {
          "sum": 1.0,
          "average": 1.0
        },
        "halstead": {
          "n1": 3.0,
          "N1": 4.0,
          "n2": 3.0,
          "N2": 4.0,
          "length": 8.0,
          "estimated_program_length": 9.509775004326936,
          "purity_ratio": 1.188721875540867,
          "vocabulary": 6.0,
          "volume": 20.67970000576925,
          "difficulty": 2.0,
          "level": 0.5,
          "effort": 41.3594000115385,
          "time": 2.2977444450854723,
          "bugs": 0.003986528732566614
        },
        "loc": {
          "sloc": 1.0,
          "ploc": 1.0,
          "lloc": 0.0,
          "cloc": 0.0,
          "blank": 0.0
        },
        "nom": {
          "functions": 0.0,
          "closures": 1.0,
          "total": 1.0
        },
        "mi": {
          "mi_original": 155.01840677617037,
          "mi_sei": 148.0452545698808,
          "mi_visual_studio": 90.65403905039204
        }
      }
    }
  ],
  "node": [
    {
      "kind": "unit",
      "name": "./rust/core/build.rs",
      "start_line": 1,
      "end_line": 23,
      "data": {
        "nargs": {
          "sum": 3.0,
          "average": 1.5
        },
        "nexits": {
          "sum": 1.0,
          "average": 0.5
        },
        "cognitive": {
          "sum": 0.0,
          "average": 0.0
        },
        "cyclomatic": {
          "sum": 6.0,
          "average": 1.0
        },
        "halstead": {
          "n1": 13.0,
          "N1": 28.0,
          "n2": 11.0,
          "N2": 13.0,
          "length": 41.0,
          "estimated_program_length": 86.15946414084446,
          "purity_ratio": 2.1014503448986455,
          "vocabulary": 24.0,
          "volume": 187.9834625295674,
          "difficulty": 7.681818181818182,
          "level": 0.1301775147928994,
          "effort": 1444.0547803407676,
          "time": 80.22526557448708,
          "bugs": 0.042586098831114305
        },
        "loc": {
          "sloc": 9.0,
          "ploc": 7.0,
          "lloc": 3.0,
          "cloc": 14.0,
          "blank": -12.0
        },
        "nom": {
          "functions": 1.0,
          "closures": 1.0,
          "total": 2.0
        },
        "mi": {
          "mi_original": 106.79592107995217,
          "mi_sei": 125.75437462444089,
          "mi_visual_studio": 62.453755017515874
        }
      }
    },
    {
      "kind": "function",
      "name": "closure_expression",
      "start_line": 22,
      "end_line": 22,
      "data": {
        "nargs": {
          "sum": 3.0,
          "average": 3.0
        },
        "nexits": {
          "sum": 0.0,
          "average": 0.0
        },
        "cognitive": {
          "sum": 0.0,
          "average": 0.0
        },
        "cyclomatic": {
          "sum": 3.0,
          "average": 1.0
        },
        "halstead": {
          "n1": 3.0,
          "N1": 4.0,
          "n2": 3.0,
          "N2": 4.0,
          "length": 8.0,
          "estimated_program_length": 9.509775004326936,
          "purity_ratio": 1.188721875540867,
          "vocabulary": 6.0,
          "volume": 20.67970000576925,
          "difficulty": 2.0,
          "level": 0.5,
          "effort": 41.3594000115385,
          "time": 2.2977444450854723,
          "bugs": 0.003986528732566614
        },
        "loc": {
          "sloc": 1.0,
          "ploc": 1.0,
          "lloc": 0.0,
          "cloc": 0.0,
          "blank": 0.0
        },
        "nom": {
          "functions": 0.0,
          "closures": 1.0,
          "total": 1.0
        },
        "mi": {
          "mi_original": 154.55840677617036,
          "mi_sei": 147.5852545698808,
          "mi_visual_studio": 90.3850332024388
        }
      }
    },
    {
      "kind": "unknown",
      "name": "macro_invocation",
      "start_line": 22,
      "end_line": 22,
      "data": {
        "nargs": {
          "sum": 0.0,
          "average": null
        },
        "nexits": {
          "sum": 0.0,
          "average": null
        },
        "cognitive": {
          "sum": 0.0,
          "average": null
        },
        "cyclomatic": {
          "sum": 1.0,
          "average": 1.0
        },
        "halstead": {
          "n1": 2.0,
          "N1": 2.0,
          "n2": 3.0,
          "N2": 3.0,
          "length": 5.0,
          "estimated_program_length": 6.754887502163468,
          "purity_ratio": 1.3509775004326936,
          "vocabulary": 5.0,
          "volume": 11.60964047443681,
          "difficulty": 1.0,
          "level": 1.0,
          "effort": 11.60964047443681,
          "time": 0.6449800263576005,
          "bugs": 0.00170906242423416
        },
        "loc": {
          "sloc": 1.0,
          "ploc": 1.0,
          "lloc": 0.0,
          "cloc": 0.0,
          "blank": 0.0
        },
        "nom": {
          "functions": 0.0,