{
  "rca": [
    {
      "kind": "unit",
      "name": "./rust/executor/src/lib.rs",
      "start_line": 1,
      "end_line": 49,
      "data": {
        "nargs": {
          "sum": 5.0,
          "average": 2.5
        },
        "nexits": {
          "sum": 2.0,
          "average": 1.0
        },
        "cognitive": {
          "sum": 0.0,
          "average": 0.0
        },
        "cyclomatic": {
          "sum": 5.0,
          "average": 1.0
        },
        "halstead": {
          "n1": 10.0,
          "N1": 50.0,
          "n2": 13.0,
          "N2": 19.0,
          "length": 69.0,
          "estimated_program_length": 81.32499728470782,
          "purity_ratio": 1.1786231490537364,
          "vocabulary": 23.0,
          "volume": 312.1257749679339,
          "difficulty": 7.3076923076923075,
          "level": 0.1368421052631579,
          "effort": 2280.919124765671,
          "time": 126.71772915364838,
          "bugs": 0.05775886755828631
        },
        "loc": {
          "sloc": 49.0,
          "ploc": 28.0,
          "lloc": 2.0,
          "cloc": 15.0,
          "blank": 6.0
        },
        "nom": {
          "functions": 2.0,
          "closures": 0.0,
          "total": 2.0
        },
        "mi": {
          "mi_original": 76.93679876694463,
          "mi_sei": 73.60335360528931,
          "mi_visual_studio": 44.99227998066937
        }
      }
    },
    {
      "kind": "impl",
      "name": "BallistaExecutor",
      "start_line": 45,
      "end_line": 49,
      "data": {
        "nargs": {
          "sum": 1.0,
          "average": 1.0
        },
        "nexits": {
          "sum": 1.0,
          "average": 1.0
        },
        "cognitive": {
          "sum": 0.0,
          "average": 0.0
        },
        "cyclomatic": {
          "sum": 2.0,
          "average": 1.0
        },
        "halstead": {
          "n1": 4.0,
          "N1": 6.0,
          "n2": 2.0,
          "N2": 3.0,
          "length": 9.0,
          "estimated_program_length": 10.0,
          "purity_ratio": 1.1111111111111112,
          "vocabulary": 6.0,
          "volume": 23.264662506490403,
          "difficulty": 3.0,
          "level": 0.3333333333333333,
          "effort": 69.79398751947122,
          "time": 3.877443751081734,
          "bugs": 0.005650550399442832
        },
        "loc": {
          "sloc": 5.0,
          "ploc": 5.0,
          "lloc": 0.0,
          "cloc": 0.0,
          "blank": 0.0
        },
        "nom": {
          "functions": 1.0,
          "closures": 0.0,
          "total": 1.0
        },
        "mi": {
          "mi_original": 128.10304080932474,
          "mi_sei": 109.3164094252055,
          "mi_visual_studio": 74.91405895282149
        }
      }
    },
    {
      "kind": "function",
      "name": "new",
      "start_line": 46,
      "end_line": 48,
      "data": {
        "nargs": {
          "sum": 1.0,
          "average": 1.0
        },
        "nexits": {
          "sum": 1.0,
          "average": 1.0
        },
        "cognitive": {
          "sum": 0.0,
          "average": 0.0
        },
        "cyclomatic": {
          "sum": 1.0,
          "average": 1.0
        },
        "halstead": {
          "n1": 4.0,
          "N1": 5.0,
          "n2": 2.0,
          "N2": 3.0,
          "length": 8.0,
          "estimated_program_length": 10.0,
          "purity_ratio": 1.25,
          "vocabulary": 6.0,
          "volume": 20.67970000576925,
          "difficulty": 3.0,
          "level": 0.3333333333333333,
          "effort": 62.039100017307746,
          "time": 3.446616667628208,
          "bugs": 0.005223830434320225
        },
        "loc": {
          "sloc": 3.0,
          "ploc": 3.0,
          "lloc": 0.0,
          "cloc": 0.0,
          "blank": 0.0
        },
        "nom": {
          "functions": 1.0,
          "closures": 0.0,
          "total": 1.0
        },
        "mi": {
          "mi_original": 137.22088769974698,
          "mi_sei": 122.36886205819806,
          "mi_visual_studio": 80.24613315774677
        }
      }
    },
    {
      "kind": "impl",
      "name": "ExecutorConfig",
      "start_line": 29,
      "end_line": 38,
      "data": {
        "nargs": {
          "sum": 4.0,
          "average": 4.0
        },
        "nexits": {
          "sum": 1.0,
          "average": 1.0
        },
        "cognitive": {
          "sum": 0.0,
          "average": 0.0
        },
        "cyclomatic": {
          "sum": 2.0,
          "average": 1.0
        },
        "halstead": {
          "n1": 8.0,
          "N1": 23.0,
          "n2": 5.0,
          "N2": 9.0,
          "length": 32.0,
          "estimated_program_length": 35.60964047443681,
          "purity_ratio": 1.1128012648261505,
          "vocabulary": 13.0,
          "volume": 118.41407098051496,
          "difficulty": 7.2,
          "level": 0.1388888888888889,
          "effort": 852.5813110597077,
          "time": 47.365628392205984,
          "bugs": 0.029971095506568422
        },
        "loc": {
          "sloc": 10.0,
          "ploc": 10.0,
          "lloc": 2.0,
          "cloc": 0.0,
          "blank": 0.0
        },
        "nom": {
          "functions": 1.0,
          "closures": 0.0,
          "total": 1.0
        },
        "mi": {
          "mi_original": 108.41234619122302,
          "mi_sei": 80.90874194801115,
          "mi_visual_studio": 63.39903286036434
        }
      }
    },
    {
      "kind": "function",
      "name": "new",
      "start_line": 30,
      "end_line": 37,
      "data": {
        "nargs": {
          "sum": 4.0,
          "average": 4.0
        },
        "nexits": {
          "sum": 1.0,
          "average": 1.0
        },
        "cognitive": {
          "sum": 0.0,
          "average": 0.0
        },
        "cyclomatic": {
          "sum": 1.0,
          "average": 1.0
        },
        "halstead": {
          "n1": 8.0,
          "N1": 22.0,
          "n2": 5.0,
          "N2": 9.0,
          "length": 31.0,
          "estimated_program_length": 35.60964047443681,
          "purity_ratio": 1.1486980798205422,
          "vocabulary": 13.0,
          "volume": 114.71363126237384,
          "difficulty": 7.2,
          "level": 0.1388888888888889,
          "effort": 825.9381450890918,
          "time": 45.88545250494954,
          "bugs": 0.029343399602934212
        },
        "loc": {
          "sloc": 8.0,
          "ploc": 8.0,
          "lloc": 2.0,
          "cloc": 0.0,
          "blank": 0.0
        },
        "nom": {
          "functions": 1.0,
          "closures": 0.0,
          "total": 1.0
        },
        "mi": {
          "mi_original": 112.42236495374908,
          "mi_sei": 86.5921562711747,
          "mi_visual_studio": 65.74407307236788
        }
      }
    }
  ],
  "node": [
    {
      "kind": "unit",
      "name": "./rust/executor/src/lib.rs",
      "start_line": 1,
      "end_line": 49,
      "data": {
        "nargs": {
          "sum": 5.0,
          "average": 2.5
        },
        "nexits": {
          "sum": 2.0,
          "average": 1.0
        },
        "cognitive": {
          "sum": 0.0,
          "average": 0.0
        },
        "cyclomatic": {
          "sum": 1.0,
          "average": 1.0
        },
        "halstead": {
          "n1": 10.0,
          "N1": 50.0,
          "n2": 13.0,
          "N2": 19.0,
          "length": 69.0,
          "estimated_program_length": 81.32499728470782,
          "purity_ratio": 1.1786231490537364,
          "vocabulary": 23.0,
          "volume": 312.1257749679339,
          "difficulty": 7.3076923076923075,
          "level": 0.1368421052631579,
          "effort": 2280.919124765671,
          "time": 126.71772915364838,
          "bugs": 0.05775886755828631
        },
        "loc": {
          "sloc": 3.0,
          "ploc": 28.0,
          "lloc": 2.0,
          "cloc": 15.0,
          "blank": -40.0
        },
        "nom": {
          "functions": 2.0,
          "closures": 0.0,