{
  "rca": [
    {
      "kind": "unit",
      "name": "./rust/executor/build.rs",
      "start_line": 1,
      "end_line": 18,
      "data": {
        "nargs": {
          "sum": 3.0,
          "average": 1.5
        },
        "nexits": {
          "sum": 1.0,
          "average": 0.5
        },
        "cognitive": {
          "sum": 0.0,
          "average": 0.0
        },
        "cyclomatic": {
          "sum": 3.0,
          "average": 1.0
        },
        "halstead": {
          "n1": 11.0,
          "N1": 19.0,
          "n2": 8.0,
          "N2": 10.0,
          "length": 29.0,
          "estimated_program_length": 62.05374780501027,
          "purity_ratio": 2.1397844070693197,
          "vocabulary": 19.0,
          "volume": 123.18989788986396,
          "difficulty": 6.875,
          "level": 0.14545454545454545,
          "effort": 846.9305479928148,
          "time": 47.051697110711935,
          "bugs": 0.029838519925706335
        },
        "loc": {
          "sloc": 18.0,
          "ploc": 6.0,
          "lloc": 2.0,
          "cloc": 11.0,
          "blank": 1.0
        },
        "nom": {
          "functions": 1.0,
          "closures": 1.0,
          "total": 2.0
        },
        "mi": {
          "mi_original": 98.45459686161298,
          "mi_sei": 113.4440525451912,
          "mi_visual_studio": 57.57578763837017
        }
      }
    },
    {
      "kind": "function",
      "name": "main",
      "start_line": 14,
      "end_line": 18,
      "data": {
        "nargs": {
          "sum": 3.0,
          "average": 1.5
        },
        "nexits": {
          "sum": 1.0,
          "average": 0.5
        },
        "cognitive": {
          "sum": 0.0,
          "average": 0.0
        },
        "cyclomatic": {
          "sum": 2.0,
          "average": 1.0
        },
        "halstead": {
          "n1": 11.0,
          "N1": 18.0,
          "n2": 8.0,
          "N2": 9.0,
          "length": 27.0,
          "estimated_program_length": 62.05374780501027,
          "purity_ratio": 2.298286955741121,
          "vocabulary": 19.0,
          "volume": 114.6940428629768,
          "difficulty": 6.1875,
          "level": 0.16161616161616163,
          "effort": 709.669390214669,
          "time": 39.42607723414827,
          "bugs": 0.02652056634991561
        },
        "loc": {
          "sloc": 5.0,
          "ploc": 5.0,
          "lloc": 2.0,
          "cloc": 0.0,
          "blank": 0.0
        },
        "nom": {
          "functions": 1.0,
          "closures": 1.0,
          "total": 2.0
        },
        "mi": {
          "mi_original": 119.80731177080555,
          "mi_sei": 97.34820228077533,
          "mi_visual_studio": 70.06275542152373
        }
      }
    },
    {
      "kind": "function",
      "name": "<anonymous>",
      "start_line": 17,
      "end_line": 17,
      "data": {
        "nargs": {
          "sum": 3.0,
          "average": 3.0
        },
        "nexits": {
          "sum": 0.0,
          "average": 0.0
        },
        "cognitive": {
          "sum": 0.0,
          "average": 0.0
        },
        "cyclomatic": {
          "sum": 1.0,
          "average": 1.0
        },
        "halstead": {
          "n1": 3.0,
          "N1": 4.0,
          "n2": 3.0,
          "N2": 4.0,
          "length": 8.0,
          "estimated_program_length": 9.509775004326936,
          "purity_ratio": 1.188721875540867,
          "vocabulary": 6.0,
          "volume": 20.67970000576925,
          "difficulty": 2.0,
          "level": 0.5,
          "effort": 41.3594000115385,
          "time": 2.2977444450854723,
          "bugs": 0.003986528732566614
        },
        "loc": {
          "sloc": 1.0,
          "ploc": 1.0,
          "lloc": 0.0,
          "cloc": 0.0,
          "blank": 0.0
        },
        "nom": {
          "functions": 0.0,
          "closures": 1.0,
          "total": 1.0
        },
        "mi": {
          "mi_original": 155.01840677617037,
          "mi_sei": 148.0452545698808,
          "mi_visual_studio": 90.65403905039204
        }
      }
    }
  ],
  "node": [
    {
      "kind": "unit",
      "name": "./rust/executor/build.rs",
      "start_line": 1,
      "end_line": 18,
      "data": {
        "nargs": {
          "sum": 3.0,
          "average": 1.5
        },
        "nexits": {
          "sum": 1.0,
          "average": 0.5
        },
        "cognitive": {
          "sum": 0.0,
          "average": 0.0
        },
        "cyclomatic": {
          "sum": 5.0,
          "average": 1.0
        },
        "halstead": {
          "n1": 11.0,
          "N1": 19.0,
          "n2": 8.0,
          "N2": 10.0,
          "length": 29.0,
          "estimated_program_length": 62.05374780501027,
          "purity_ratio": 2.1397844070693197,
          "vocabulary": 19.0,
          "volume": 123.18989788986396,
          "difficulty": 6.875,
          "level": 0.14545454545454545,
          "effort": 846.9305479928148,
          "time": 47.051697110711935,
          "bugs": 0.029838519925706335
        },
        "loc": {
          "sloc": 5.0,
          "ploc": 6.0,
          "lloc": 2.0,
          "cloc": 11.0,
          "blank": -12.0
        },
        "nom": {
          "functions": 1.0,
          "closures": 1.0,
          "total": 2.0
        },
        "mi": {
          "mi_original": 118.74572515809842,
          "mi_sei": 133.47974404718826,
          "mi_visual_studio": 69.44194453689967
        }
      }
    },
    {
      "kind": "function",
      "name": "closure_expression",
      "start_line": 17,
      "end_line": 17,
      "data": {
        "nargs": {
          "sum": 3.0,
          "average": 3.0
        },
        "nexits": {
          "sum": 0.0,
          "average": 0.0
        },
        "cognitive": {
          "sum": 0.0,
          "average": 0.0
        },
        "cyclomatic": {
          "sum": 3.0,
          "average": 1.0
        },
        "halstead": {
          "n1": 3.0,
          "N1": 4.0,
          "n2": 3.0,
          "N2": 4.0,
          "length": 8.0,
          "estimated_program_length": 9.509775004326936,
          "purity_ratio": 1.188721875540867,
          "vocabulary": 6.0,
          "volume": 20.67970000576925,
          "difficulty": 2.0,
          "level": 0.5,
          "effort": 41.3594000115385,
          "time": 2.2977444450854723,
          "bugs": 0.003986528732566614
        },
        "loc": {
          "sloc": 1.0,
          "ploc": 1.0,
          "lloc": 0.0,
          "cloc": 0.0,
          "blank": 0.0
        },
        "nom": {
          "functions": 0.0,
          "closures": 1.0,
          "total": 1.0
        },
        "mi": {
          "mi_original": 154.55840677617036,
          "mi_sei": 147.5852545698808,
          "mi_visual_studio": 90.3850332024388
        }
      }
    },
    {
      "kind": "unknown",
      "name": "macro_invocation",
      "start_line": 17,
      "end_line": 17,
      "data": {
        "nargs": {
          "sum": 0.0,
          "average": null
        },
        "nexits": {
          "sum": 0.0,
          "average": null
        },
        "cognitive": {
          "sum": 0.0,
          "average": null
        },
        "cyclomatic": {
          "sum": 1.0,
          "average": 1.0
        },
        "halstead": {
          "n1": 2.0,
          "N1": 2.0,
          "n2": 3.0,
          "N2": 3.0,
          "length": 5.0,
          "estimated_program_length": 6.754887502163468,
          "purity_ratio": 1.3509775004326936,
          "vocabulary": 5.0,
          "volume": 11.60964047443681,
          "difficulty": 1.0,
          "level": 1.0,
          "effort": 11.60964047443681,
          "time": 0.6449800263576005,
          "bugs": 0.00170906242423416
        },
        "loc": {
          "sloc": 1.0,
          "ploc": 1.0,
          "lloc": 0.0,
          "cloc": 0.0,
          "blank": 0.0
        },
        "nom": {
          "functions": 0.0,
          "closures": 0.0,