{
  "rca": [
    {
      "kind": "unit",
      "name": "./rust/core/src/datasource.rs",
      "start_line": 1,
      "end_line": 66,
      "data": {
        "nargs": {
          "sum": 9.0,
          "average": 1.8
        },
        "nexits": {
          "sum": 5.0,
          "average": 1.0
        },
        "cognitive": {
          "sum": 0.0,
          "average": 0.0
        },
        "cyclomatic": {
          "sum": 9.0,
          "average": 1.125
        },
        "halstead": {
          "n1": 13.0,
          "N1": 80.0,
          "n2": 32.0,
          "N2": 45.0,
          "length": 125.0,
          "estimated_program_length": 208.1057163358342,
          "purity_ratio": 1.6648457306866735,
          "vocabulary": 45.0,
          "volume": 686.4816370412093,
          "difficulty": 9.140625,
          "level": 0.1094017094017094,
          "effort": 6274.871213579804,
          "time": 348.60395630998914,
          "bugs": 0.11340058364215248
        },
        "loc": {
          "sloc": 66.0,
          "ploc": 40.0,
          "lloc": 2.0,
          "cloc": 18.0,
          "blank": 8.0
        },
        "nom": {
          "functions": 5.0,
          "closures": 0.0,
          "total": 5.0
        },
        "mi": {
          "mi_original": 67.09337990301053,
          "mi_sei": 58.19205362079518,
          "mi_visual_studio": 39.23589468012312
        }
      }
    },
    {
      "kind": "impl",
      "name": "DFTableAdapter",
      "start_line": 41,
      "end_line": 66,
      "data": {
        "nargs": {
          "sum": 7.0,
          "average": 1.75
        },
        "nexits": {
          "sum": 4.0,
          "average": 1.0
        },
        "cognitive": {
          "sum": 0.0,
          "average": 0.0
        },
        "cyclomatic": {
          "sum": 6.0,
          "average": 1.2
        },
        "halstead": {
          "n1": 12.0,
          "N1": 51.0,
          "n2": 10.0,
          "N2": 18.0,
          "length": 69.0,
          "estimated_program_length": 76.2388309575275,
          "purity_ratio": 1.104910593587355,
          "vocabulary": 22.0,
          "volume": 307.70078168597354,
          "difficulty": 10.8,
          "level": 0.0925925925925926,
          "effort": 3323.1684422085145,
          "time": 184.6204690115841,
          "bugs": 0.07423014609341912
        },
        "loc": {
          "sloc": 26.0,
          "ploc": 23.0,
          "lloc": 2.0,
          "cloc": 0.0,
          "blank": 3.0
        },
        "nom": {
          "functions": 4.0,
          "closures": 0.0,
          "total": 4.0
        },
        "mi": {
          "mi_original": 87.0473714058005,
          "mi_sei": 50.492878213982166,
          "mi_visual_studio": 50.90489555894767
        }
      }
    },
    {
      "kind": "function",
      "name": "statistics",
      "start_line": 59,
      "end_line": 65,
      "data": {
        "nargs": {
          "sum": 1.0,
          "average": 1.0
        },
        "nexits": {
          "sum": 1.0,
          "average": 1.0
        },
        "cognitive": {
          "sum": 0.0,
          "average": 0.0
        },
        "cyclomatic": {
          "sum": 1.0,
          "average": 1.0
        },
        "halstead": {
          "n1": 6.0,
          "N1": 9.0,
          "n2": 3.0,
          "N2": 5.0,
          "length": 14.0,
          "estimated_program_length": 20.264662506490403,
          "purity_ratio": 1.447475893320743,
          "vocabulary": 9.0,
          "volume": 44.37895002019237,
          "difficulty": 5.0,
          "level": 0.2,
          "effort": 221.89475010096183,
          "time": 12.327486116720102,
          "bugs": 0.012217342904829462
        },
        "loc": {
          "sloc": 7.0,
          "ploc": 7.0,
          "lloc": 0.0,
          "cloc": 0.0,
          "blank": 0.0
        },
        "nom": {
          "functions": 1.0,
          "closures": 0.0,
          "total": 1.0
        },
        "mi": {
          "mi_original": 119.5238762417614,
          "mi_sei": 96.83747138920704,
          "mi_visual_studio": 69.89700365015285
        }
      }
    },
    {
      "kind": "function",
      "name": "scan",
      "start_line": 50,
      "end_line": 57,
      "data": {
        "nargs": {
          "sum": 4.0,
          "average": 4.0
        },
        "nexits": {
          "sum": 1.0,
          "average": 1.0
        },
        "cognitive": {
          "sum": 0.0,
          "average": 0.0
        },
        "cyclomatic": {
          "sum": 1.0,
          "average": 1.0
        },
        "halstead": {
          "n1": 11.0,
          "N1": 26.0,
          "n2": 6.0,
          "N2": 7.0,
          "length": 33.0,
          "estimated_program_length": 53.5635228093372,
          "purity_ratio": 1.6231370548284,
          "vocabulary": 17.0,
          "volume": 134.88627376126118,
          "difficulty": 6.416666666666667,
          "level": 0.15584415584415584,
          "effort": 865.5202566347592,
          "time": 48.08445870193107,
          "bugs": 0.03027356523570285
        },
        "loc": {
          "sloc": 8.0,
          "ploc": 8.0,
          "lloc": 1.0,
          "cloc": 0.0,
          "blank": 0.0
        },
        "nom": {
          "functions": 1.0,
          "closures": 0.0,
          "total": 1.0
        },
        "mi": {
          "mi_original": 111.58000058930747,
          "mi_sei": 85.37688137997321,
          "mi_visual_studio": 65.25146233292834
        }
      }
    },
    {
      "kind": "function",
      "name": "schema",
      "start_line": 46,
      "end_line": 48,
      "data": {
        "nargs": {
          "sum": 1.0,
          "average": 1.0
        },
        "nexits": {
          "sum": 1.0,
          "average": 1.0
        },
        "cognitive": {
          "sum": 0.0,
          "average": 0.0
        },
        "cyclomatic": {
          "sum": 1.0,
          "average": 1.0
        },
        "halstead": {
          "n1": 6.0,
          "N1": 8.0,
          "n2": 2.0,
          "N2": 3.0,
          "length": 11.0,
          "estimated_program_length": 17.509775004326936,
          "purity_ratio": 1.591797727666085,
          "vocabulary": 8.0,
          "volume": 33.0,
          "difficulty": 4.5,
          "level": 0.2222222222222222,
          "effort": 148.5,
          "time": 8.25,
          "bugs": 0.009347519526554628
        },
        "loc": {
          "sloc": 3.0,
          "ploc": 3.0,
          "lloc": 1.0,
          "cloc": 0.0,
          "blank": 0.0
        },
        "nom": {
          "functions": 1.0,
          "closures": 0.0,
          "total": 1.0
        },
        "mi": {
          "mi_original": 134.79064160395092,
          "mi_sei": 118.86275806765332,
          "mi_visual_studio": 78.82493661049762
        }
      }
    },
    {
      "kind": "function",
      "name": "as_any",
      "start_line": 42,
      "end_line": 44,
      "data": {
        "nargs": {
          "sum": 1.0,
          "average": 1.0
        },
        "nexits": {
          "sum": 1.0,
          "average": 1.0
        },
        "cognitive": {
          "sum": 0.0,
          "average": 0.0
        },
        "cyclomatic": {
          "sum": 1.0,
          "average": 1.0
        },
        "halstead": {
          "n1": 5.0,
          "N1": 6.0,
          "n2": 2.0,
          "N2": 3.0,
          "length": 9.0,
          "estimated_program_length": 13.60964047443681,
          "purity_ratio": 1.5121822749374234,
          "vocabulary": 7.0,
          "volume": 25.26619429851844,
          "difficulty": 3.75,
          "level": 0.26666666666666666,
          "effort": 94.74822861944416,
          "time": 5.2637904788580085,
          "bugs": 0.006927759642225941
        },
        "loc": {
          "sloc": 3.0,
          "ploc": 3.0,
          "lloc": 0.0,
          "cloc": 0.0,
          "blank": 0.0
        },
        "nom": {
          "functions": 1.0,
          "closures": 0.0,
          "total": 1.0
        },