{
  "rca": [
    {
      "kind": "unit",
      "name": "./rust/client/src/prelude.rs",
      "start_line": 1,
      "end_line": 20,
      "data": {
        "nargs": {
          "sum": 0.0,
          "average": null
        },
        "nexits": {
          "sum": 0.0,
          "average": null
        },
        "cognitive": {
          "sum": 0.0,
          "average": null
        },
        "cyclomatic": {
          "sum": 1.0,
          "average": 1.0
        },
        "halstead": {
          "n1": 3.0,
          "N1": 5.0,
          "n2": 8.0,
          "N2": 8.0,
          "length": 13.0,
          "estimated_program_length": 28.75488750216347,
          "purity_ratio": 2.2119144232433436,
          "vocabulary": 11.0,
          "volume": 44.97261104228487,
          "difficulty": 1.5,
          "level": 0.6666666666666666,
          "effort": 67.4589165634273,
          "time": 3.747717586857072,
          "bugs": 0.005523804758599622
        },
        "loc": {
          "sloc": 20.0,
          "ploc": 3.0,
          "lloc": 0.0,
          "cloc": 14.0,
          "blank": 3.0
        },
        "nom": {
          "functions": 0.0,
          "closures": 0.0,
          "total": 0.0
        },
        "mi": {
          "mi_original": 102.44765813139752,
          "mi_sei": 120.32772979310845,
          "mi_visual_studio": 59.91091118795176
        }
      }
    }
  ],
  "node": [
    {
      "kind": "unit",
      "name": "./rust/client/src/prelude.rs",
      "start_line": 1,
      "end_line": 20,
      "data": {
        "nargs": {
          "sum": 0.0,
          "average": null
        },
        "nexits": {
          "sum": 0.0,
          "average": null
        },
        "cognitive": {
          "sum": 0.0,
          "average": null
        },
        "cyclomatic": {
          "sum": 1.0,
          "average": 1.0
        },
        "halstead": {
          "n1": 3.0,
          "N1": 5.0,
          "n2": 8.0,
          "N2": 8.0,
          "length": 13.0,
          "estimated_program_length": 28.75488750216347,
          "purity_ratio": 2.2119144232433436,
          "vocabulary": 11.0,
          "volume": 44.97261104228487,
          "difficulty": 1.5,
          "level": 0.6666666666666666,
          "effort": 67.4589165634273,
          "time": 3.747717586857072,
          "bugs": 0.005523804758599622
        },
        "loc": {
          "sloc": 20.0,
          "ploc": 3.0,
          "lloc": 0.0,
          "cloc": 14.0,
          "blank": 3.0
        },
        "nom": {
          "functions": 0.0,
          "closures": 0.0,
          "total": 0.0
        },
        "mi": {
          "mi_original": 102.44765813139752,
          "mi_sei": 120.32772979310845,
          "mi_visual_studio": 59.91091118795176
        }
      }
    }
  ],
  "finder": [
    {
      "kind": "129",
      "name": "line_comment",
      "start_line": 1,
      "end_line": 1,
      "data": null
    },
    {
      "kind": "129",
      "name": "line_comment",
      "start_line": 2,
      "end_line": 2,
      "data": null
    },
    {
      "kind": "129",
      "name": "line_comment",
      "start_line": 3,
      "end_line": 3,
      "data": null
    },
    {
      "kind": "129",
      "name": "line_comment",
      "start_line": 4,
      "end_line": 4,
      "data": null
    },
    {
      "kind": "129",
      "name": "line_comment",
      "start_line": 5,
      "end_line": 5,
      "data": null
    },
    {
      "kind": "129",
      "name": "line_comment",
      "start_line": 6,
      "end_line": 6,
      "data": null
    },
    {
      "kind": "129",
      "name": "line_comment",
      "start_line": 7,
      "end_line": 7,
      "data": null
    },
    {
      "kind": "129",
      "name": "line_comment",
      "start_line": 8,
      "end_line": 8,
      "data": null
    },
    {
      "kind": "129",
      "name": "line_comment",
      "start_line": 9,
      "end_line": 9,
      "data": null
    },
    {
      "kind": "129",
      "name": "line_comment",
      "start_line": 10,
      "end_line": 10,
      "data": null
    },
    {
      "kind": "129",
      "name": "line_comment",
      "start_line": 11,
      "end_line": 11,
      "data": null
    },
    {
      "kind": "129",
      "name": "line_comment",
      "start_line": 12,
      "end_line": 12,
      "data": null
    },
    {
      "kind": "129",
      "name": "line_comment",
      "start_line": 13,
      "end_line": 13,
      "data": null
    },
    {
      "kind": "129",
      "name": "line_comment",
      "start_line": 15,
      "end_line": 15,
      "data": null
    }
  ],
  "clippy": []
}