{
  "rca": [
    {
      "kind": "unit",
      "name": "./rust/core/src/execution_plans/mod.rs",
      "start_line": 1,
      "end_line": 22,
      "data": {
        "nargs": {
          "sum": 0.0,
          "average": null
        },
        "nexits": {
          "sum": 0.0,
          "average": null
        },
        "cognitive": {
          "sum": 0.0,
          "average": null
        },
        "cyclomatic": {
          "sum": 1.0,
          "average": 1.0
        },
        "halstead": {
          "n1": 1.0,
          "N1": 6.0,
          "n2": 6.0,
          "N2": 9.0,
          "length": 15.0,
          "estimated_program_length": 15.509775004326936,
          "purity_ratio": 1.0339850002884623,
          "vocabulary": 7.0,
          "volume": 42.11032383086406,
          "difficulty": 0.75,
          "level": 1.3333333333333333,
          "effort": 31.58274287314805,
          "time": 1.7545968262860026,
          "bugs": 0.003330519455731122
        },
        "loc": {
          "sloc": 22.0,
          "ploc": 6.0,
          "lloc": 0.0,
          "cloc": 13.0,
          "blank": 3.0
        },
        "nom": {
          "functions": 0.0,
          "closures": 0.0,
          "total": 0.0
        },
        "mi": {
          "mi_original": 101.24558900783212,
          "mi_sei": 116.90215648247894,
          "mi_visual_studio": 59.20794678820592
        }
      }
    }
  ],
  "node": [
    {
      "kind": "unit",
      "name": "./rust/core/src/execution_plans/mod.rs",
      "start_line": 1,
      "end_line": 22,
      "data": {
        "nargs": {
          "sum": 0.0,
          "average": null
        },
        "nexits": {
          "sum": 0.0,
          "average": null
        },
        "cognitive": {
          "sum": 0.0,
          "average": null
        },
        "cyclomatic": {
          "sum": 1.0,
          "average": 1.0
        },
        "halstead": {
          "n1": 1.0,
          "N1": 6.0,
          "n2": 6.0,
          "N2": 9.0,
          "length": 15.0,
          "estimated_program_length": 15.509775004326936,
          "purity_ratio": 1.0339850002884623,
          "vocabulary": 7.0,
          "volume": 42.11032383086406,
          "difficulty": 0.75,
          "level": 1.3333333333333333,
          "effort": 31.58274287314805,
          "time": 1.7545968262860026,
          "bugs": 0.003330519455731122
        },
        "loc": {
          "sloc": 22.0,
          "ploc": 6.0,
          "lloc": 0.0,
          "cloc": 13.0,
          "blank": 3.0
        },
        "nom": {
          "functions": 0.0,
          "closures": 0.0,
          "total": 0.0
        },
        "mi": {
          "mi_original": 101.24558900783212,
          "mi_sei": 116.90215648247894,
          "mi_visual_studio": 59.20794678820592
        }
      }
    }
  ],
  "finder": [
    {
      "kind": "129",
      "name": "line_comment",
      "start_line": 1,
      "end_line": 1,
      "data": null
    },
    {
      "kind": "129",
      "name": "line_comment",
      "start_line": 2,
      "end_line": 2,
      "data": null
    },
    {
      "kind": "129",
      "name": "line_comment",
      "start_line": 3,
      "end_line": 3,
      "data": null
    },
    {
      "kind": "129",
      "name": "line_comment",
      "start_line": 4,
      "end_line": 4,
      "data": null
    },
    {
      "kind": "129",
      "name": "line_comment",
      "start_line": 5,
      "end_line": 5,
      "data": null
    },
    {
      "kind": "129",
      "name": "line_comment",
      "start_line": 6,
      "end_line": 6,
      "data": null
    },
    {
      "kind": "129",
      "name": "line_comment",
      "start_line": 7,
      "end_line": 7,
      "data": null
    },
    {
      "kind": "129",
      "name": "line_comment",
      "start_line": 8,
      "end_line": 8,
      "data": null
    },
    {
      "kind": "129",
      "name": "line_comment",
      "start_line": 9,
      "end_line": 9,
      "data": null
    },
    {
      "kind": "129",
      "name": "line_comment",
      "start_line": 10,
      "end_line": 10,
      "data": null
    },
    {
      "kind": "129",
      "name": "line_comment",
      "start_line": 11,
      "end_line": 11,
      "data": null
    },
    {
      "kind": "129",
      "name": "line_comment",
      "start_line": 13,
      "end_line": 13,
      "data": null
    },
    {
      "kind": "129",
      "name": "line_comment",
      "start_line": 14,
      "end_line": 14,
      "data": null
    }
  ],
  "clippy": []
}