{
  "rca": [
    {
      "kind": "unit",
      "name": "./alacritty/src/panic.rs",
      "start_line": 1,
      "end_line": 24,
      "data": {
        "nargs": {
          "sum": 3.0,
          "average": 1.5
        },
        "nexits": {
          "sum": 0.0,
          "average": 0.0
        },
        "cognitive": {
          "sum": 0.0,
          "average": 0.0
        },
        "cyclomatic": {
          "sum": 3.0,
          "average": 1.0
        },
        "halstead": {
          "n1": 12.0,
          "N1": 46.0,
          "n2": 31.0,
          "N2": 45.0,
          "length": 91.0,
          "estimated_program_length": 196.599635630647,
          "purity_ratio": 2.1604355563807363,
          "vocabulary": 43.0,
          "volume": 493.7900926778909,
          "difficulty": 8.709677419354838,
          "level": 0.11481481481481484,
          "effort": 4300.75242009776,
          "time": 238.93069000543107,
          "bugs": 0.08815393578110527
        },
        "loc": {
          "sloc": 24.0,
          "ploc": 20.0,
          "lloc": 4.0,
          "cloc": 2.0,
          "blank": 2.0
        },
        "nom": {
          "functions": 1.0,
          "closures": 1.0,
          "total": 2.0
        },
        "mi": {
          "mi_original": 86.57455327931225,
          "mi_sei": 71.12802821713527,
          "mi_visual_studio": 50.62839373059197
        }
      }
    },
    {
      "kind": "function",
      "name": "attach_handler",
      "start_line": 5,
      "end_line": 24,
      "data": {
        "nargs": {
          "sum": 3.0,
          "average": 1.5
        },
        "nexits": {
          "sum": 0.0,
          "average": 0.0
        },
        "cognitive": {
          "sum": 0.0,
          "average": 0.0
        },
        "cyclomatic": {
          "sum": 2.0,
          "average": 1.0
        },
        "halstead": {
          "n1": 12.0,
          "N1": 45.0,
          "n2": 28.0,
          "N2": 41.0,
          "length": 86.0,
          "estimated_program_length": 177.62548782626678,
          "purity_ratio": 2.065412649142637,
          "vocabulary": 40.0,
          "volume": 457.6858161603132,
          "difficulty": 8.785714285714286,
          "level": 0.11382113821138212,
          "effort": 4021.0968134084665,
          "time": 223.39426741158147,
          "bugs": 0.0842898145363167
        },
        "loc": {
          "sloc": 20.0,
          "ploc": 19.0,
          "lloc": 4.0,
          "cloc": 0.0,
          "blank": 1.0
        },
        "nom": {
          "functions": 1.0,
          "closures": 1.0,
          "total": 2.0
        },
        "mi": {
          "mi_original": 90.15298578787362,
          "mi_sei": 54.56605324429465,
          "mi_visual_studio": 52.72104432039393
        }
      }
    },
    {
      "kind": "function",
      "name": "<anonymous>",
      "start_line": 9,
      "end_line": 23,
      "data": {
        "nargs": {
          "sum": 3.0,
          "average": 3.0
        },
        "nexits": {
          "sum": 0.0,
          "average": 0.0
        },
        "cognitive": {
          "sum": 0.0,
          "average": 0.0
        },
        "cyclomatic": {
          "sum": 1.0,
          "average": 1.0
        },
        "halstead": {
          "n1": 11.0,
          "N1": 33.0,
          "n2": 19.0,
          "N2": 27.0,
          "length": 60.0,
          "estimated_program_length": 118.76437056043838,
          "purity_ratio": 1.9794061760073065,
          "vocabulary": 30.0,
          "volume": 294.41343573651113,
          "difficulty": 7.815789473684211,
          "level": 0.12794612794612795,
          "effort": 2301.0734319406265,
          "time": 127.83741288559035,
          "bugs": 0.05809860847489974
        },
        "loc": {
          "sloc": 15.0,
          "ploc": 15.0,
          "lloc": 3.0,
          "cloc": 0.0,
          "blank": 0.0
        },
        "nom": {
          "functions": 0.0,
          "closures": 1.0,
          "total": 1.0
        },
        "mi": {
          "mi_original": 97.3376646199166,
          "mi_sei": 64.82953390625852,
          "mi_visual_studio": 56.922610888840126
        }
      }
    }
  ],
  "node": [
    {
      "kind": "unit",
      "name": "./alacritty/src/panic.rs",
      "start_line": 1,
      "end_line": 24,
      "data": {
        "nargs": {
          "sum": 3.0,
          "average": 1.5
        },
        "nexits": {
          "sum": 0.0,
          "average": 0.0
        },
        "cognitive": {
          "sum": 0.0,
          "average": 0.0
        },
        "cyclomatic": {
          "sum": 7.0,
          "average": 1.0
        },
        "halstead": {
          "n1": 12.0,
          "N1": 46.0,
          "n2": 31.0,
          "N2": 45.0,
          "length": 91.0,
          "estimated_program_length": 196.599635630647,
          "purity_ratio": 2.1604355563807363,
          "vocabulary": 43.0,
          "volume": 493.7900926778909,
          "difficulty": 8.709677419354838,
          "level": 0.11481481481481484,
          "effort": 4300.75242009776,
          "time": 238.93069000543107,
          "bugs": 0.08815393578110527
        },
        "loc": {
          "sloc": 20.0,
          "ploc": 20.0,
          "lloc": 4.0,
          "cloc": 2.0,
          "blank": -2.0
        },
        "nom": {
          "functions": 1.0,
          "closures": 1.0,
          "total": 2.0
        },
        "mi": {
          "mi_original": 88.6081624993743,
          "mi_sei": 76.3732357628942,
          "mi_visual_studio": 51.817638888522985
        }
      }
    },
    {
      "kind": "function",
      "name": "closure_expression",
      "start_line": 9,
      "end_line": 23,
      "data": {
        "nargs": {
          "sum": 3.0,
          "average": 3.0
        },
        "nexits": {
          "sum": 0.0,
          "average": 0.0
        },
        "cognitive": {
          "sum": 0.0,
          "average": 0.0
        },
        "cyclomatic": {
          "sum": 6.0,
          "average": 1.0
        },
        "halstead": {
          "n1": 11.0,
          "N1": 33.0,
          "n2": 19.0,
          "N2": 27.0,
          "length": 60.0,
          "estimated_program_length": 118.76437056043838,
          "purity_ratio": 1.9794061760073065,
          "vocabulary": 30.0,
          "volume": 294.41343573651113,
          "difficulty": 7.815789473684211,
          "level": 0.12794612794612795,
          "effort": 2301.0734319406265,
          "time": 127.83741288559035,
          "bugs": 0.05809860847489974
        },
        "loc": {
          "sloc": 15.0,
          "ploc": 15.0,
          "lloc": 3.0,
          "cloc": 0.0,
          "blank": 0.0
        },
        "nom": {
          "functions": 0.0,
          "closures": 1.0,
          "total": 1.0
        },
        "mi": {
          "mi_original": 96.1876646199166,
          "mi_sei": 63.67953390625851,
          "mi_visual_studio": 56.25009626895707
        }
      }
    },
    {
      "kind": "unknown",
      "name": "unsafe_block",
      "start_line": 12,
      "end_line": 22,
      "data": {
        "nargs": {
          "sum": 0.0,
          "average": null
        },
        "nexits": {
          "sum": 0.0,
          "average": null
        },
        "cognitive": {
          "sum": 0.0,
          "average": null
        },
        "cyclomatic": {
          "sum": 2.0,
          "average": 1.0
        },
        "halstead": {
          "n1": 8.0,
          "N1": 19.0,
          "n2": 11.0,
          "N2": 16.0,
          "length": 35.0,
          "estimated_program_length": 62.05374780501027,
          "purity_ratio": 1.772964223000293,
          "vocabulary": 19.0,
          "volume": 148.67746297052548,
          "difficulty": 5.818181818181818,
          "level": 0.171875,
          "effort": 865.0325118285119,
          "time": 48.057361768250665,
          "bugs": 0.030262190834957178
        },
        "loc": {
          "sloc": 1.0,
          "ploc": 11.0,
          "lloc": 1.0,