{
  "rca": [
    {
      "kind": "unit",
      "name": "./alacritty_terminal/src/thread.rs",
      "start_line": 1,
      "end_line": 11,
      "data": {
        "nargs": {
          "sum": 2.0,
          "average": 2.0
        },
        "nexits": {
          "sum": 1.0,
          "average": 1.0
        },
        "cognitive": {
          "sum": 0.0,
          "average": 0.0
        },
        "cyclomatic": {
          "sum": 2.0,
          "average": 1.0
        },
        "halstead": {
          "n1": 10.0,
          "N1": 33.0,
          "n2": 10.0,
          "N2": 14.0,
          "length": 47.0,
          "estimated_program_length": 66.43856189774725,
          "purity_ratio": 1.4135864233563245,
          "vocabulary": 20.0,
          "volume": 203.13062045970605,
          "difficulty": 7.0,
          "level": 0.14285714285714285,
          "effort": 1421.9143432179424,
          "time": 78.99524128988568,
          "bugs": 0.04214968842942002
        },
        "loc": {
          "sloc": 11.0,
          "ploc": 9.0,
          "lloc": 1.0,
          "cloc": 1.0,
          "blank": 1.0
        },
        "nom": {
          "functions": 1.0,
          "closures": 0.0,
          "total": 1.0
        },
        "mi": {
          "mi_original": 104.06208062285168,
          "mi_sei": 97.14754893301588,
          "mi_visual_studio": 60.8550179081004
        }
      }
    },
    {
      "kind": "function",
      "name": "spawn_named",
      "start_line": 4,
      "end_line": 11,
      "data": {
        "nargs": {
          "sum": 2.0,
          "average": 2.0
        },
        "nexits": {
          "sum": 1.0,
          "average": 1.0
        },
        "cognitive": {
          "sum": 0.0,
          "average": 0.0
        },
        "cyclomatic": {
          "sum": 1.0,
          "average": 1.0
        },
        "halstead": {
          "n1": 9.0,
          "N1": 30.0,
          "n2": 7.0,
          "N2": 10.0,
          "length": 40.0,
          "estimated_program_length": 48.18080946738404,
          "purity_ratio": 1.2045202366846008,
          "vocabulary": 16.0,
          "volume": 160.0,
          "difficulty": 6.428571428571429,
          "level": 0.15555555555555556,
          "effort": 1028.571428571429,
          "time": 57.142857142857146,
          "bugs": 0.03396526830150359
        },
        "loc": {
          "sloc": 8.0,
          "ploc": 8.0,
          "lloc": 1.0,
          "cloc": 0.0,
          "blank": 0.0
        },
        "nom": {
          "functions": 1.0,
          "closures": 0.0,
          "total": 1.0
        },
        "mi": {
          "mi_original": 110.6921431855708,
          "mi_sei": 84.09597390658573,
          "mi_visual_studio": 64.73224747694198
        }
      }
    }
  ],
  "node": [
    {
      "kind": "unit",
      "name": "./alacritty_terminal/src/thread.rs",
      "start_line": 1,
      "end_line": 11,
      "data": {
        "nargs": {
          "sum": 2.0,
          "average": 2.0
        },
        "nexits": {
          "sum": 1.0,
          "average": 1.0
        },
        "cognitive": {
          "sum": 0.0,
          "average": 0.0
        },
        "cyclomatic": {
          "sum": 11.0,
          "average": 1.0
        },
        "halstead": {
          "n1": 10.0,
          "N1": 33.0,
          "n2": 10.0,
          "N2": 14.0,
          "length": 47.0,
          "estimated_program_length": 66.43856189774725,
          "purity_ratio": 1.4135864233563245,
          "vocabulary": 20.0,
          "volume": 203.13062045970605,
          "difficulty": 7.0,
          "level": 0.14285714285714285,
          "effort": 1421.9143432179424,
          "time": 78.99524128988568,
          "bugs": 0.04214968842942002
        },
        "loc": {
          "sloc": 8.0,
          "ploc": 9.0,
          "lloc": 1.0,
          "cloc": 1.0,
          "blank": -2.0
        },
        "nom": {
          "functions": 1.0,
          "closures": 0.0,
          "total": 1.0
        },
        "mi": {
          "mi_original": 107.15103106697195,
          "mi_sei": 106.04264258353209,
          "mi_visual_studio": 62.6614216765918
        }
      }
    },
    {
      "kind": "unknown",
      "name": "where_clause",
      "start_line": 5,
      "end_line": 8,
      "data": {
        "nargs": {
          "sum": 0.0,
          "average": null
        },
        "nexits": {
          "sum": 0.0,
          "average": null
        },
        "cognitive": {
          "sum": 0.0,
          "average": null
        },
        "cyclomatic": {
          "sum": 10.0,
          "average": 1.0
        },
        "halstead": {
          "n1": 6.0,
          "N1": 10.0,
          "n2": 1.0,
          "N2": 2.0,
          "length": 12.0,
          "estimated_program_length": 15.509775004326936,
          "purity_ratio": 1.292481250360578,
          "vocabulary": 7.0,
          "volume": 33.68825906469125,
          "difficulty": 6.0,
          "level": 0.16666666666666666,
          "effort": 202.1295543881475,
          "time": 11.229419688230417,
          "bugs": 0.011480618642005185
        },
        "loc": {
          "sloc": 1.0,
          "ploc": 4.0,
          "lloc": 0.0,
          "cloc": 0.0,
          "blank": -3.0
        },
        "nom": {
          "functions": 0.0,
          "closures": 0.0,
          "total": 0.0
        },
        "mi": {
          "mi_original": 150.4108232190707,
          "mi_sei": 142.31429535621172,
          "mi_visual_studio": 87.9595457421466
        }
      }
    },
    {
      "kind": "unknown",
      "name": "where_predicate",
      "start_line": 8,
      "end_line": 8,
      "data": {
        "nargs": {
          "sum": 0.0,
          "average": null
        },
        "nexits": {
          "sum": 0.0,
          "average": null
        },
        "cognitive": {
          "sum": 0.0,
          "average": null
        },
        "cyclomatic": {
          "sum": 2.0,
          "average": 1.0
        },
        "halstead": {
          "n1": 2.0,
          "N1": 2.0,
          "n2": 0.0,
          "N2": 0.0,
          "length": 2.0,
          "estimated_program_length": null,
          "purity_ratio": null,
          "vocabulary": 2.0,
          "volume": 2.0,
          "difficulty": null,
          "level": null,
          "effort": null,
          "time": null,
          "bugs": null
        },
        "loc": {
          "sloc": 1.0,
          "ploc": 1.0,
          "lloc": 0.0,
          "cloc": 0.0,
          "blank": 0.0
        },
        "nom": {
          "functions": 0.0,
          "closures": 0.0,
          "total": 0.0
        },
        "mi": {
          "mi_original": 166.93563466108827,
          "mi_sei": 165.34,
          "mi_visual_studio": 97.6231781643791
        }
      }
    },
    {
      "kind": "unknown",
      "name": "trait_bounds",
      "start_line": 8,
      "end_line": 8,
      "data": {
        "nargs": {
          "sum": 0.0,
          "average": null
        },
        "nexits": {
          "sum": 0.0,
          "average": null
        },
        "cognitive": {
          "sum": 0.0,
          "average": null
        },
        "cyclomatic": {
          "sum": 1.0,
          "average": 1.0
        },
        "halstead": {
          "n1": 2.0,
          "N1": 2.0,
          "n2": 0.0,
          "N2": 0.0,
          "length": 2.0,
          "estimated_program_length": null,
          "purity_ratio": null,
          "vocabulary": 2.0,
          "volume": 2.0,
          "difficulty": null,
          "level": null,
          "effort": null,
          "time": null,
          "bugs": null
        },
        "loc": {
          "sloc": 1.0,
          "ploc": 1.0,
          "lloc": 0.0,
          "cloc": 0.0,
          "blank": 0.0
        },
        "nom": {
          "functions": 0.0,
          "closures": 0.0,
          "total": 0.0
        },
        "mi": {
          "mi_original": 167.1656346610883,
          "mi_sei": 165.57000000000002,