{
  "rca": [
    {
      "kind": "unit",
      "name": "./alacritty/src/config/mouse.rs",
      "start_line": 1,
      "end_line": 29,
      "data": {
        "nargs": {
          "sum": 1.0,
          "average": 0.5
        },
        "nexits": {
          "sum": 2.0,
          "average": 1.0
        },
        "cognitive": {
          "sum": 0.0,
          "average": 0.0
        },
        "cyclomatic": {
          "sum": 6.0,
          "average": 1.2
        },
        "halstead": {
          "n1": 14.0,
          "N1": 45.0,
          "n2": 20.0,
          "N2": 29.0,
          "length": 74.0,
          "estimated_program_length": 139.7415308065537,
          "purity_ratio": 1.8883990649534284,
          "vocabulary": 34.0,
          "volume": 376.4722502525251,
          "difficulty": 10.15,
          "level": 0.09852216748768472,
          "effort": 3821.19334006313,
          "time": 212.28851889239613,
          "bugs": 0.08147257074585515
        },
        "loc": {
          "sloc": 29.0,
          "ploc": 24.0,
          "lloc": 1.0,
          "cloc": 0.0,
          "blank": 5.0
        },
        "nom": {
          "functions": 2.0,
          "closures": 0.0,
          "total": 2.0
        },
        "mi": {
          "mi_original": 84.22941698614076,
          "mi_sei": 46.42742934728791,
          "mi_visual_studio": 49.25696899774314
        }
      }
    },
    {
      "kind": "impl",
      "name": "ClickHandler",
      "start_line": 25,
      "end_line": 29,
      "data": {
        "nargs": {
          "sum": 1.0,
          "average": 1.0
        },
        "nexits": {
          "sum": 1.0,
          "average": 1.0
        },
        "cognitive": {
          "sum": 0.0,
          "average": 0.0
        },
        "cyclomatic": {
          "sum": 2.0,
          "average": 1.0
        },
        "halstead": {
          "n1": 7.0,
          "N1": 9.0,
          "n2": 4.0,
          "N2": 5.0,
          "length": 14.0,
          "estimated_program_length": 27.651484454403228,
          "purity_ratio": 1.9751060324573737,
          "vocabulary": 11.0,
          "volume": 48.43204266092216,
          "difficulty": 4.375,
          "level": 0.22857142857142856,
          "effort": 211.89018664153448,
          "time": 11.771677035640804,
          "bugs": 0.011847297864723376
        },
        "loc": {
          "sloc": 5.0,
          "ploc": 5.0,
          "lloc": 1.0,
          "cloc": 0.0,
          "blank": 0.0
        },
        "nom": {
          "functions": 1.0,
          "closures": 0.0,
          "total": 1.0
        },
        "mi": {
          "mi_original": 124.2902653263404,
          "mi_sei": 103.81573714388094,
          "mi_visual_studio": 72.68436568791836
        }
      }
    },
    {
      "kind": "function",
      "name": "threshold",
      "start_line": 26,
      "end_line": 28,
      "data": {
        "nargs": {
          "sum": 1.0,
          "average": 1.0
        },
        "nexits": {
          "sum": 1.0,
          "average": 1.0
        },
        "cognitive": {
          "sum": 0.0,
          "average": 0.0
        },
        "cyclomatic": {
          "sum": 1.0,
          "average": 1.0
        },
        "halstead": {
          "n1": 7.0,
          "N1": 8.0,
          "n2": 4.0,
          "N2": 5.0,
          "length": 13.0,
          "estimated_program_length": 27.651484454403228,
          "purity_ratio": 2.127037265723325,
          "vocabulary": 11.0,
          "volume": 44.97261104228487,
          "difficulty": 4.375,
          "level": 0.22857142857142856,
          "effort": 196.7551733099963,
          "time": 10.930842961666462,
          "bugs": 0.01127620212709224
        },
        "loc": {
          "sloc": 3.0,
          "ploc": 3.0,
          "lloc": 1.0,
          "cloc": 0.0,
          "blank": 0.0
        },
        "nom": {
          "functions": 1.0,
          "closures": 0.0,
          "total": 1.0
        },
        "mi": {
          "mi_original": 133.18100188654878,
          "mi_sei": 116.54053882973936,
          "mi_visual_studio": 77.88362683423905
        }
      }
    },
    {
      "kind": "impl",
      "name": "ClickHandler",
      "start_line": 19,
      "end_line": 23,
      "data": {
        "nargs": {
          "sum": 0.0,
          "average": 0.0
        },
        "nexits": {
          "sum": 1.0,
          "average": 1.0
        },
        "cognitive": {
          "sum": 0.0,
          "average": 0.0
        },
        "cyclomatic": {
          "sum": 3.0,
          "average": 1.5
        },
        "halstead": {
          "n1": 5.0,
          "N1": 7.0,
          "n2": 2.0,
          "N2": 2.0,
          "length": 9.0,
          "estimated_program_length": 13.60964047443681,
          "purity_ratio": 1.5121822749374234,
          "vocabulary": 7.0,
          "volume": 25.26619429851844,
          "difficulty": 2.5,
          "level": 0.4,
          "effort": 63.1654857462961,
          "time": 3.5091936525720056,
          "bugs": 0.00528687008762814
        },
        "loc": {
          "sloc": 5.0,
          "ploc": 5.0,
          "lloc": 0.0,
          "cloc": 0.0,
          "blank": 0.0
        },
        "nom": {
          "functions": 1.0,
          "closures": 0.0,
          "total": 1.0
        },
        "mi": {
          "mi_original": 127.44387581438755,
          "mi_sei": 108.46725521528646,
          "mi_visual_studio": 74.52858234759506
        }
      }
    },
    {
      "kind": "function",
      "name": "default",
      "start_line": 20,
      "end_line": 22,
      "data": {
        "nargs": {
          "sum": 0.0,
          "average": 0.0
        },
        "nexits": {
          "sum": 1.0,
          "average": 1.0
        },
        "cognitive": {
          "sum": 0.0,
          "average": 0.0
        },
        "cyclomatic": {
          "sum": 1.0,
          "average": 1.0
        },
        "halstead": {
          "n1": 4.0,
          "N1": 5.0,
          "n2": 2.0,
          "N2": 2.0,
          "length": 7.0,
          "estimated_program_length": 10.0,
          "purity_ratio": 1.4285714285714286,
          "vocabulary": 6.0,
          "volume": 18.094737505048094,
          "difficulty": 2.0,
          "level": 0.5,
          "effort": 36.18947501009619,
          "time": 2.0105263894497885,
          "bugs": 0.003646981838562912
        },
        "loc": {
          "sloc": 3.0,
          "ploc": 3.0,
          "lloc": 0.0,
          "cloc": 0.0,
          "blank": 0.0
        },
        "nom": {
          "functions": 1.0,
          "closures": 0.0,
          "total": 1.0
        },
        "mi": {
          "mi_original": 137.9152509413945,
          "mi_sei": 123.37061646349852,
          "mi_visual_studio": 80.65219353297924
        }
      }
    }
  ],
  "node": [
    {
      "kind": "unit",
      "name": "./alacritty/src/config/mouse.rs",
      "start_line": 1,
      "end_line": 29,
      "data": {
        "nargs": {
          "sum": 1.0,
          "average": 0.5
        },
        "nexits": {
          "sum": 2.0,
          "average": 1.0
        },
        "cognitive": {
          "sum": 0.0,
          "average": 0.0
        },
        "cyclomatic": {
          "sum": 2.0,
          "average": 2.0
        },
        "halstead": {
          "n1": 14.0,
          "N1": 45.0,
          "n2": 20.0,
          "N2": 29.0,
          "length": 74.0,
          "estimated_program_length": 139.7415308065537,
          "purity_ratio": 1.8883990649534284,
          "vocabulary": 34.0,
          "volume": 376.4722502525251,
          "difficulty": 10.15,
          "level": 0.09852216748768472,
          "effort": 3821.19334006313,
          "time": 212.28851889239613,
          "bugs": 0.08147257074585515
        },
        "loc": {
          "sloc": 3.0,
          "ploc": 24.0,
          "lloc": 1.0,
          "cloc": 0.0,
          "blank": -21.0
        },
        "nom": {
          "functions": 2.0,
          "closures": 0.0,