{
  "rca": [
    {
      "kind": "unit",
      "name": "./alacritty_terminal/src/sync.rs",
      "start_line": 1,
      "end_line": 49,
      "data": {
        "nargs": {
          "sum": 5.0,
          "average": 1.0
        },
        "nexits": {
          "sum": 5.0,
          "average": 1.0
        },
        "cognitive": {
          "sum": 0.0,
          "average": 0.0
        },
        "cyclomatic": {
          "sum": 7.0,
          "average": 1.0
        },
        "halstead": {
          "n1": 12.0,
          "N1": 82.0,
          "n2": 12.0,
          "N2": 28.0,
          "length": 110.0,
          "estimated_program_length": 86.03910001730775,
          "purity_ratio": 0.7821736365209795,
          "vocabulary": 24.0,
          "volume": 504.3458750793272,
          "difficulty": 14.0,
          "level": 0.07142857142857142,
          "effort": 7060.842251110581,
          "time": 392.2690139505878,
          "bugs": 0.12268263196607491
        },
        "loc": {
          "sloc": 49.0,
          "ploc": 23.0,
          "lloc": 7.0,
          "cloc": 19.0,
          "blank": 7.0
        },
        "nom": {
          "functions": 5.0,
          "closures": 0.0,
          "total": 5.0
        },
        "mi": {
          "mi_original": 73.98154724814859,
          "mi_sei": 72.83810141757473,
          "mi_visual_studio": 43.26406271821555
        }
      }
    },
    {
      "kind": "impl",
      "name": "FairMutex<T>",
      "start_line": 18,
      "end_line": 49,
      "data": {
        "nargs": {
          "sum": 5.0,
          "average": 1.0
        },
        "nexits": {
          "sum": 5.0,
          "average": 1.0
        },
        "cognitive": {
          "sum": 0.0,
          "average": 0.0
        },
        "cyclomatic": {
          "sum": 6.0,
          "average": 1.0
        },
        "halstead": {
          "n1": 12.0,
          "N1": 69.0,
          "n2": 10.0,
          "N2": 25.0,
          "length": 94.0,
          "estimated_program_length": 76.2388309575275,
          "purity_ratio": 0.8110513931651862,
          "vocabulary": 22.0,
          "volume": 419.1865721519059,
          "difficulty": 15.0,
          "level": 0.06666666666666667,
          "effort": 6287.798582278589,
          "time": 349.32214345992156,
          "bugs": 0.11355628067613054
        },
        "loc": {
          "sloc": 32.0,
          "ploc": 18.0,
          "lloc": 7.0,
          "cloc": 10.0,
          "blank": 4.0
        },
        "nom": {
          "functions": 5.0,
          "closures": 0.0,
          "total": 5.0
        },
        "mi": {
          "mi_original": 82.07583465249466,
          "mi_sei": 81.40846586520507,
          "mi_visual_studio": 47.997564124265885
        }
      }
    },
    {
      "kind": "function",
      "name": "try_lock_unfair",
      "start_line": 46,
      "end_line": 48,
      "data": {
        "nargs": {
          "sum": 1.0,
          "average": 1.0
        },
        "nexits": {
          "sum": 1.0,
          "average": 1.0
        },
        "cognitive": {
          "sum": 0.0,
          "average": 0.0
        },
        "cyclomatic": {
          "sum": 1.0,
          "average": 1.0
        },
        "halstead": {
          "n1": 9.0,
          "N1": 13.0,
          "n2": 3.0,
          "N2": 4.0,
          "length": 17.0,
          "estimated_program_length": 33.284212515144276,
          "purity_ratio": 1.957894853832016,
          "vocabulary": 12.0,
          "volume": 60.94436251225965,
          "difficulty": 6.0,
          "level": 0.16666666666666666,
          "effort": 365.6661750735579,
          "time": 20.31478750408655,
          "bugs": 0.01704519358507665
        },
        "loc": {
          "sloc": 3.0,
          "ploc": 3.0,
          "lloc": 1.0,
          "cloc": 0.0,
          "blank": 0.0
        },
        "nom": {
          "functions": 1.0,
          "closures": 0.0,
          "total": 1.0
        },
        "mi": {
          "mi_original": 131.60068186195994,
          "mi_sei": 114.2606189672475,
          "mi_visual_studio": 76.95946307716956
        }
      }
    },
    {
      "kind": "function",
      "name": "lock_unfair",
      "start_line": 41,
      "end_line": 43,
      "data": {
        "nargs": {
          "sum": 1.0,
          "average": 1.0
        },
        "nexits": {
          "sum": 1.0,
          "average": 1.0
        },
        "cognitive": {
          "sum": 0.0,
          "average": 0.0
        },
        "cyclomatic": {
          "sum": 1.0,
          "average": 1.0
        },
        "halstead": {
          "n1": 9.0,
          "N1": 11.0,
          "n2": 3.0,
          "N2": 4.0,
          "length": 15.0,
          "estimated_program_length": 33.284212515144276,
          "purity_ratio": 2.2189475010096182,
          "vocabulary": 12.0,
          "volume": 53.77443751081734,
          "difficulty": 6.0,
          "level": 0.16666666666666666,
          "effort": 322.6466250649041,
          "time": 17.924812503605782,
          "bugs": 0.015680629605321274
        },
        "loc": {
          "sloc": 3.0,
          "ploc": 3.0,
          "lloc": 1.0,
          "cloc": 0.0,
          "blank": 0.0
        },
        "nom": {
          "functions": 1.0,
          "closures": 0.0,
          "total": 1.0
        },
        "mi": {
          "mi_original": 132.2515302053208,
          "mi_sei": 115.19959464458498,
          "mi_visual_studio": 77.34007614346245
        }
      }
    },
    {
      "kind": "function",
      "name": "lock",
      "start_line": 33,
      "end_line": 38,
      "data": {
        "nargs": {
          "sum": 1.0,
          "average": 1.0
        },
        "nexits": {
          "sum": 1.0,
          "average": 1.0
        },
        "cognitive": {
          "sum": 0.0,
          "average": 0.0
        },
        "cyclomatic": {
          "sum": 1.0,
          "average": 1.0
        },
        "halstead": {
          "n1": 12.0,
          "N1": 17.0,
          "n2": 4.0,
          "N2": 6.0,
          "length": 23.0,
          "estimated_program_length": 51.01955000865387,
          "purity_ratio": 2.2182413047240814,
          "vocabulary": 16.0,
          "volume": 92.0,
          "difficulty": 9.0,
          "level": 0.1111111111111111,
          "effort": 828.0,
          "time": 46.0,
          "bugs": 0.029392214144503066
        },
        "loc": {
          "sloc": 6.0,
          "ploc": 4.0,
          "lloc": 2.0,
          "cloc": 2.0,
          "blank": 0.0
        },
        "nom": {
          "functions": 1.0,
          "closures": 0.0,
          "total": 1.0
        },
        "mi": {
          "mi_original": 118.2301959978505,
          "mi_sei": 133.96361783606767,
          "mi_visual_studio": 69.140465495819
        }
      }
    },
    {
      "kind": "function",
      "name": "lease",
      "start_line": 28,
      "end_line": 30,
      "data": {
        "nargs": {
          "sum": 1.0,
          "average": 1.0
        },
        "nexits": {
          "sum": 1.0,
          "average": 1.0
        },
        "cognitive": {
          "sum": 0.0,
          "average": 0.0
        },
        "cyclomatic": {
          "sum": 1.0,
          "average": 1.0
        },
        "halstead": {
          "n1": 9.0,
          "N1": 12.0,
          "n2": 3.0,
          "N2": 4.0,
          "length": 16.0,
          "estimated_program_length": 33.284212515144276,
          "purity_ratio": 2.0802632821965172,
          "vocabulary": 12.0,
          "volume": 57.3594000115385,
          "difficulty": 6.0,
          "level": 0.16666666666666666,
          "effort": 344.156400069231,
          "time": 19.11980000384617,
          "bugs": 0.016370023849340463
        },
        "loc": {
          "sloc": 3.0,
          "ploc": 3.0,
          "lloc": 1.0,
          "cloc": 0.0,
          "blank": 0.0
        },
        "nom": {
          "functions": 1.0,
          "closures": 0.0,
          "total": 1.0
        },