{
  "rca": [
    {
      "kind": "unit",
      "name": "./alacritty/src/display/bell.rs",
      "start_line": 1,
      "end_line": 122,
      "data": {
        "nargs": {
          "sum": 13.0,
          "average": 1.8571428571428572
        },
        "nexits": {
          "sum": 8.0,
          "average": 1.1428571428571428
        },
        "cognitive": {
          "sum": 9.0,
          "average": 1.2857142857142858
        },
        "cyclomatic": {
          "sum": 27.0,
          "average": 2.7
        },
        "halstead": {
          "n1": 26.0,
          "N1": 268.0,
          "n2": 72.0,
          "N2": 182.0,
          "length": 450.0,
          "estimated_program_length": 566.4460327755148,
          "purity_ratio": 1.2587689617233662,
          "vocabulary": 98.0,
          "volume": 2976.619429851844,
          "difficulty": 32.861111111111114,
          "level": 0.030431107354184275,
          "effort": 97815.02181985366,
          "time": 5434.1678788807585,
          "bugs": 0.7076455544604824
        },
        "loc": {
          "sloc": 122.0,
          "ploc": 80.0,
          "lloc": 25.0,
          "cloc": 25.0,
          "blank": 17.0
        },
        "nom": {
          "functions": 7.0,
          "closures": 0.0,
          "total": 7.0
        },
        "mi": {
          "mi_original": 45.37243279188315,
          "mi_sei": 24.766938421002173,
          "mi_visual_studio": 26.533586428001847
        }
      }
    },
    {
      "kind": "function",
      "name": "cubic_bezier",
      "start_line": 117,
      "end_line": 122,
      "data": {
        "nargs": {
          "sum": 5.0,
          "average": 5.0
        },
        "nexits": {
          "sum": 1.0,
          "average": 1.0
        },
        "cognitive": {
          "sum": 0.0,
          "average": 0.0
        },
        "cyclomatic": {
          "sum": 1.0,
          "average": 1.0
        },
        "halstead": {
          "n1": 10.0,
          "N1": 39.0,
          "n2": 10.0,
          "N2": 25.0,
          "length": 64.0,
          "estimated_program_length": 66.43856189774725,
          "purity_ratio": 1.0381025296523008,
          "vocabulary": 20.0,
          "volume": 276.6033980727912,
          "difficulty": 12.5,
          "level": 0.08,
          "effort": 3457.54247590989,
          "time": 192.085693106105,
          "bugs": 0.07621792036281612
        },
        "loc": {
          "sloc": 6.0,
          "ploc": 6.0,
          "lloc": 4.0,
          "cloc": 0.0,
          "blank": 0.0
        },
        "nom": {
          "functions": 1.0,
          "closures": 0.0,
          "total": 1.0
        },
        "mi": {
          "mi_original": 112.50605613611285,
          "mi_sei": 86.71289712493706,
          "mi_visual_studio": 65.7930152842765
        }
      }
    },
    {
      "kind": "impl",
      "name": "VisualBell",
      "start_line": 107,
      "end_line": 115,
      "data": {
        "nargs": {
          "sum": 1.0,
          "average": 1.0
        },
        "nexits": {
          "sum": 1.0,
          "average": 1.0
        },
        "cognitive": {
          "sum": 0.0,
          "average": 0.0
        },
        "cyclomatic": {
          "sum": 3.0,
          "average": 1.5
        },
        "halstead": {
          "n1": 10.0,
          "N1": 17.0,
          "n2": 3.0,
          "N2": 5.0,
          "length": 22.0,
          "estimated_program_length": 37.974168451037094,
          "purity_ratio": 1.7260985659562316,
          "vocabulary": 13.0,
          "volume": 81.40967379910403,
          "difficulty": 8.333333333333334,
          "level": 0.12,
          "effort": 678.413948325867,
          "time": 37.6896637958815,
          "bugs": 0.02573605193497321
        },
        "loc": {
          "sloc": 9.0,
          "ploc": 9.0,
          "lloc": 1.0,
          "cloc": 0.0,
          "blank": 0.0
        },
        "nom": {
          "functions": 1.0,
          "closures": 0.0,
          "total": 1.0
        },
        "mi": {
          "mi_original": 111.83759248197516,
          "mi_sei": 85.95214764490704,
          "mi_visual_studio": 65.40210086665215
        }
      }
    },
    {
      "kind": "function",
      "name": "from",
      "start_line": 108,
      "end_line": 114,
      "data": {
        "nargs": {
          "sum": 1.0,
          "average": 1.0
        },
        "nexits": {
          "sum": 1.0,
          "average": 1.0
        },
        "cognitive": {
          "sum": 0.0,
          "average": 0.0
        },
        "cyclomatic": {
          "sum": 1.0,
          "average": 1.0
        },
        "halstead": {
          "n1": 7.0,
          "N1": 12.0,
          "n2": 3.0,
          "N2": 5.0,
          "length": 17.0,
          "estimated_program_length": 24.406371956566694,
          "purity_ratio": 1.4356689386215702,
          "vocabulary": 10.0,
          "volume": 56.47277761308516,
          "difficulty": 5.833333333333333,
          "level": 0.17142857142857143,
          "effort": 329.42453607633007,
          "time": 18.30136311535167,
          "bugs": 0.015899472185001807
        },
        "loc": {
          "sloc": 7.0,
          "ploc": 7.0,
          "lloc": 1.0,
          "cloc": 0.0,
          "blank": 0.0
        },
        "nom": {
          "functions": 1.0,
          "closures": 0.0,
          "total": 1.0
        },
        "mi": {
          "mi_original": 118.2707102938976,
          "mi_sei": 95.02953509081304,
          "mi_visual_studio": 69.16415806660677
        }
      }
    },
    {
      "kind": "impl",
      "name": "VisualBell",
      "start_line": 16,
      "end_line": 105,
      "data": {
        "nargs": {
          "sum": 7.0,
          "average": 1.4
        },
        "nexits": {
          "sum": 6.0,
          "average": 1.2
        },
        "cognitive": {
          "sum": 9.0,
          "average": 1.8
        },
        "cyclomatic": {
          "sum": 22.0,
          "average": 3.6666666666666665
        },
        "halstead": {
          "n1": 23.0,
          "N1": 200.0,
          "n2": 60.0,
          "N2": 144.0,
          "length": 344.0,
          "estimated_program_length": 458.4553607258224,
          "purity_ratio": 1.3327190718773907,
          "vocabulary": 83.0,
          "volume": 2193.013564383342,
          "difficulty": 27.6,
          "level": 0.036231884057971016,
          "effort": 60527.17437698024,
          "time": 3362.6207987211246,
          "bugs": 0.5138610247091756
        },
        "loc": {
          "sloc": 90.0,
          "ploc": 58.0,
          "lloc": 20.0,
          "cloc": 22.0,
          "blank": 10.0
        },
        "nom": {
          "functions": 5.0,
          "closures": 0.0,
          "total": 5.0
        },
        "mi": {
          "mi_original": 53.03931728536767,
          "mi_sei": 37.71954529542561,
          "mi_visual_studio": 31.017144611326124
        }
      }
    },
    {
      "kind": "function",
      "name": "update_config",
      "start_line": 101,
      "end_line": 104,
      "data": {
        "nargs": {
          "sum": 2.0,
          "average": 2.0
        },
        "nexits": {
          "sum": 0.0,
          "average": 0.0
        },
        "cognitive": {
          "sum": 0.0,
          "average": 0.0
        },
        "cyclomatic": {
          "sum": 1.0,
          "average": 1.0
        },
        "halstead": {
          "n1": 9.0,
          "N1": 16.0,
          "n2": 3.0,
          "N2": 7.0,
          "length": 23.0,
          "estimated_program_length": 33.284212515144276,
          "purity_ratio": 1.4471396745714902,
          "vocabulary": 12.0,
          "volume": 82.45413751658658,
          "difficulty": 10.5,
          "level": 0.09523809523809525,
          "effort": 865.7684439241591,
          "time": 48.098246884675504,
          "bugs": 0.030279352240687847
        },
        "loc": {
          "sloc": 4.0,
          "ploc": 4.0,
          "lloc": 3.0,
          "cloc": 0.0,