{
  "rca": [
    {
      "kind": "unit",
      "name": "./build.rs",
      "start_line": 1,
      "end_line": 26,
      "data": {
        "nargs": {
          "sum": 2.0,
          "average": 1.0
        },
        "nexits": {
          "sum": 1.0,
          "average": 0.5
        },
        "cognitive": {
          "sum": 2.0,
          "average": 1.0
        },
        "cyclomatic": {
          "sum": 6.0,
          "average": 2.0
        },
        "halstead": {
          "n1": 16.0,
          "N1": 81.0,
          "n2": 37.0,
          "N2": 66.0,
          "length": 147.0,
          "estimated_program_length": 256.74977452827113,
          "purity_ratio": 1.7465971056344975,
          "vocabulary": 53.0,
          "volume": 842.0043068207902,
          "difficulty": 14.27027027027027,
          "level": 0.07007575757575758,
          "effort": 12015.62902706425,
          "time": 667.5349459480138,
          "bugs": 0.1748677623999261
        },
        "loc": {
          "sloc": 26.0,
          "ploc": 22.0,
          "lloc": 13.0,
          "cloc": 0.0,
          "blank": 4.0
        },
        "nom": {
          "functions": 1.0,
          "closures": 1.0,
          "total": 2.0
        },
        "mi": {
          "mi_original": 81.81275341211679,
          "mi_sei": 42.94092079354657,
          "mi_visual_studio": 47.843715445682335
        }
      }
    },
    {
      "kind": "function",
      "name": "main",
      "start_line": 8,
      "end_line": 26,
      "data": {
        "nargs": {
          "sum": 2.0,
          "average": 1.0
        },
        "nexits": {
          "sum": 1.0,
          "average": 0.5
        },
        "cognitive": {
          "sum": 2.0,
          "average": 1.0
        },
        "cyclomatic": {
          "sum": 5.0,
          "average": 2.5
        },
        "halstead": {
          "n1": 16.0,
          "N1": 72.0,
          "n2": 31.0,
          "N2": 52.0,
          "length": 124.0,
          "estimated_program_length": 217.5800856219931,
          "purity_ratio": 1.7546781098547837,
          "vocabulary": 47.0,
          "volume": 688.7690176080271,
          "difficulty": 13.419354838709678,
          "level": 0.07451923076923077,
          "effort": 9242.83584919159,
          "time": 513.4908805106438,
          "bugs": 0.14680772387588562
        },
        "loc": {
          "sloc": 19.0,
          "ploc": 17.0,
          "lloc": 12.0,
          "cloc": 0.0,
          "blank": 2.0
        },
        "nom": {
          "functions": 1.0,
          "closures": 1.0,
          "total": 2.0
        },
        "mi": {
          "mi_original": 88.16857748384199,
          "mi_sei": 52.00861680318272,
          "mi_visual_studio": 51.560571627977765
        }
      }
    },
    {
      "kind": "function",
      "name": "<anonymous>",
      "start_line": 14,
      "end_line": 14,
      "data": {
        "nargs": {
          "sum": 2.0,
          "average": 2.0
        },
        "nexits": {
          "sum": 0.0,
          "average": 0.0
        },
        "cognitive": {
          "sum": 0.0,
          "average": 0.0
        },
        "cyclomatic": {
          "sum": 1.0,
          "average": 1.0
        },
        "halstead": {
          "n1": 2.0,
          "N1": 3.0,
          "n2": 4.0,
          "N2": 4.0,
          "length": 7.0,
          "estimated_program_length": 10.0,
          "purity_ratio": 1.4285714285714286,
          "vocabulary": 6.0,
          "volume": 18.094737505048094,
          "difficulty": 1.0,
          "level": 1.0,
          "effort": 18.094737505048094,
          "time": 1.0052631947248942,
          "bugs": 0.0022974545934948596
        },
        "loc": {
          "sloc": 1.0,
          "ploc": 1.0,
          "lloc": 0.0,
          "cloc": 0.0,
          "blank": 0.0
        },
        "nom": {
          "functions": 0.0,
          "closures": 1.0,
          "total": 1.0
        },
        "mi": {
          "mi_original": 155.7127700178179,
          "mi_sei": 149.04700897518126,
          "mi_visual_studio": 91.0600994256245
        }
      }
    }
  ],
  "node": [
    {
      "kind": "unit",
      "name": "./build.rs",
      "start_line": 1,
      "end_line": 26,
      "data": {
        "nargs": {
          "sum": 2.0,
          "average": 1.0
        },
        "nexits": {
          "sum": 1.0,
          "average": 0.5
        },
        "cognitive": {
          "sum": 2.0,
          "average": 1.0
        },
        "cyclomatic": {
          "sum": 8.0,
          "average": 1.6
        },
        "halstead": {
          "n1": 16.0,
          "N1": 81.0,
          "n2": 37.0,
          "N2": 66.0,
          "length": 147.0,
          "estimated_program_length": 256.74977452827113,
          "purity_ratio": 1.7465971056344975,
          "vocabulary": 53.0,
          "volume": 842.0043068207902,
          "difficulty": 14.27027027027027,
          "level": 0.07007575757575758,
          "effort": 12015.62902706425,
          "time": 667.5349459480138,
          "bugs": 0.1748677623999261
        },
        "loc": {
          "sloc": 19.0,
          "ploc": 22.0,
          "lloc": 13.0,
          "cloc": 0.0,
          "blank": -3.0
        },
        "nom": {
          "functions": 1.0,
          "closures": 1.0,
          "total": 2.0
        },
        "mi": {
          "mi_original": 86.43400586556847,
          "mi_sei": 49.811618509646166,
          "mi_visual_studio": 50.54620226056635
        }
      }
    },
    {
      "kind": "function",
      "name": "closure_expression",
      "start_line": 14,
      "end_line": 14,
      "data": {
        "nargs": {
          "sum": 2.0,
          "average": 2.0
        },
        "nexits": {
          "sum": 0.0,
          "average": 0.0
        },
        "cognitive": {
          "sum": 0.0,
          "average": 0.0
        },
        "cyclomatic": {
          "sum": 2.0,
          "average": 1.0
        },
        "halstead": {
          "n1": 2.0,
          "N1": 3.0,
          "n2": 4.0,
          "N2": 4.0,
          "length": 7.0,
          "estimated_program_length": 10.0,
          "purity_ratio": 1.4285714285714286,
          "vocabulary": 6.0,
          "volume": 18.094737505048094,
          "difficulty": 1.0,
          "level": 1.0,
          "effort": 18.094737505048094,
          "time": 1.0052631947248942,
          "bugs": 0.0022974545934948596
        },
        "loc": {
          "sloc": 1.0,
          "ploc": 1.0,
          "lloc": 0.0,
          "cloc": 0.0,
          "blank": 0.0
        },
        "nom": {
          "functions": 0.0,
          "closures": 1.0,
          "total": 1.0
        },
        "mi": {
          "mi_original": 155.48277001781787,
          "mi_sei": 148.81700897518124,
          "mi_visual_studio": 90.92559650164787
        }
      }
    },
    {
      "kind": "unknown",
      "name": "closure_parameters",
      "start_line": 14,
      "end_line": 14,
      "data": {
        "nargs": {
          "sum": 0.0,
          "average": null
        },
        "nexits": {
          "sum": 0.0,
          "average": null
        },
        "cognitive": {
          "sum": 0.0,
          "average": null
        },
        "cyclomatic": {
          "sum": 1.0,
          "average": 1.0
        },
        "halstead": {
          "n1": 1.0,
          "N1": 2.0,
          "n2": 0.0,
          "N2": 0.0,
          "length": 2.0,
          "estimated_program_length": null,
          "purity_ratio": null,
          "vocabulary": 1.0,
          "volume": 0.0,
          "difficulty": null,
          "level": null,
          "effort": null,
          "time": null,
          "bugs": null
        },
        "loc": {
          "sloc": 1.0,
          "ploc": 1.0,
          "lloc": 0.0,
          "cloc": 0.0,
          "blank": 0.0
        },
        "nom": {
          "functions": 0.0,
          "closures": 0.0,
          "total": 0.0
        },
        "mi": {
          "mi_original": null,