{
  "rca": [
    {
      "kind": "unit",
      "name": "./src/lib.rs",
      "start_line": 1,
      "end_line": 8,
      "data": {
        "nargs": {
          "sum": 0.0,
          "average": null
        },
        "nexits": {
          "sum": 0.0,
          "average": null
        },
        "cognitive": {
          "sum": 0.0,
          "average": null
        },
        "cyclomatic": {
          "sum": 1.0,
          "average": 1.0
        },
        "halstead": {
          "n1": 4.0,
          "N1": 10.0,
          "n2": 9.0,
          "N2": 9.0,
          "length": 19.0,
          "estimated_program_length": 36.529325012980806,
          "purity_ratio": 1.9225960533147792,
          "vocabulary": 13.0,
          "volume": 70.30835464468075,
          "difficulty": 2.0,
          "level": 0.5,
          "effort": 140.6167092893615,
          "time": 7.812039404964527,
          "bugs": 0.009013705521344218
        },
        "loc": {
          "sloc": 8.0,
          "ploc": 8.0,
          "lloc": 0.0,
          "cloc": 0.0,
          "blank": 0.0
        },
        "nom": {
          "functions": 0.0,
          "closures": 0.0,
          "total": 0.0
        },
        "mi": {
          "mi_original": 114.96801572540636,
          "mi_sei": 90.2647540152798,
          "mi_visual_studio": 67.23275773415577
        }
      }
    }
  ],
  "node": [
    {
      "kind": "unit",
      "name": "./src/lib.rs",
      "start_line": 1,
      "end_line": 8,
      "data": {
        "nargs": {
          "sum": 0.0,
          "average": null
        },
        "nexits": {
          "sum": 0.0,
          "average": null
        },
        "cognitive": {
          "sum": 0.0,
          "average": null
        },
        "cyclomatic": {
          "sum": 1.0,
          "average": 1.0
        },
        "halstead": {
          "n1": 4.0,
          "N1": 10.0,
          "n2": 9.0,
          "N2": 9.0,
          "length": 19.0,
          "estimated_program_length": 36.529325012980806,
          "purity_ratio": 1.9225960533147792,
          "vocabulary": 13.0,
          "volume": 70.30835464468075,
          "difficulty": 2.0,
          "level": 0.5,
          "effort": 140.6167092893615,
          "time": 7.812039404964527,
          "bugs": 0.009013705521344218
        },
        "loc": {
          "sloc": 8.0,
          "ploc": 8.0,
          "lloc": 0.0,
          "cloc": 0.0,
          "blank": 0.0
        },
        "nom": {
          "functions": 0.0,
          "closures": 0.0,
          "total": 0.0
        },
        "mi": {
          "mi_original": 114.96801572540636,
          "mi_sei": 90.2647540152798,
          "mi_visual_studio": 67.23275773415577
        }
      }
    }
  ],
  "finder": [],
  "clippy": []
}